Brand,Eligibility,Seed_URL,Collect,URL_Status,Research_Note
biodance,A,https://biodance.com/pages/our-story-mihwa,1,Ready,
Sulwhasoo,A,https://int.sulwhasoo.com/pages/brand-story,1,Ready,
mixsoon,A,https://mixsoon.co.kr/db/brand_01.html,1,Ready,
THE SAEM,A,https://www.thesaemcosmetic.com/en/brand/,1,Ready,
ETUDE,A,https://www.etude.com/kr/ko,1,Ready,
CNP Laboratory,A,https://cnpmall.com/about/about.html,1,Ready,
TIRTIR,A,https://tirtir.co.kr/brand/brandstory.html,1,Ready,
THE FACE SHOP,B,https://www.thefaceshop.com/brand/introduction/brand.jsp,1,Ready,
NATURE REPUBLIC,A,https://www.naturerepublic.com/brand/brand,1,Ready,
peripera,A,https://www.clubclio.co.kr/,1,Brand_Page_Verification_Required,CLUBCLIO 멀티브랜드몰 루트. Peripera 단독 브랜드 소개 URL 확보 권장.
su:m37°,A,https://www.sum37.com/brandstory.html,1,Ready,
fwee,A,https://www.fwee.kr/,1,Ready,
ROUND LAB,B,https://roundlab.com/pages/our-story,1,Ready,
TONYMOLY,A,https://corp.tonymoly.com/brand,1,Ready,
THE WHOO,A,https://thewhoo.com/,1,Ready,
Sooryehan,A,https://www.lghnh.com/brand/detail.jsp?bid1=C060&gbn=1,1,Ready,
COSRX,A,https://www.cosrx.com/pages/about-us-old,1,Ready,
DOMINAS,A,https://dominas.co.kr/,1,Ready,
OURWHY,A,https://www.lghnh.com/brand/detail.jsp?bid1=C110&gbn=1,1,Ready,
SOME BY MI,A,https://en.somebymi.com/brand/story.html,1,Ready,
Beauty of Joseon,A,https://beautyofjoseon.com/pages/about-beauty-of-joseon,1,Ready,
FVRTS,A,https://www.fvrtsbeauty.com/shopinfo/brand.html,1,Ready,
STEMBELL,A,https://stembell.co.kr/,1,Ready,
retune,C,https://www.lghnh.com/brand/detail.jsp?bid1=C115&gbn=1,1,Ready,현재 C등급 작업판정. 원자료는 보존하되 RQ1/RQ2 적격성에서 제외 여부 최종 확인.
medicube,A,https://medicube.global/about/,1,Ready,
NEOPHARM,C,https://www.neopharm.co.kr/ko/company.do,1,Ready,현재 C등급 작업판정. 원자료는 보존하되 RQ1/RQ2 적격성에서 제외 여부 최종 확인.
Dr.Belmeur,A,https://www.lghnh.com/brand/detail.jsp?bid1=C094&gbn=1,1,Ready,
fromrier,A,,1,Needs_URL_Verification,
AMUSE,A,https://amusemakeup.kr/,1,Ready,공식몰에서 브랜드 철학 텍스트가 충분한지 실제 수집 후 판단.
numbuzin,A,,1,Needs_URL_Verification,
alternative stereo,B,https://alternativestereo.com/company/about.html,1,Ready,
freshian,A,https://freshian.com/about,1,Ready,
celimax,A,https://www.celimax.com/brand,1,Ready,
Torriden,A,https://torriden.com/service/company.php,1,Ready,
KAHI,B,https://kahicosmetics.com/pages/about-us,1,Ready,
SKIN1004,A,https://www.skin1004.com/pages/brand-1,1,Ready,
code glökolor,A,https://www.lghnh.com/brand/detail.jsp?bid1=C010&gbn=1,1,Ready,
SKINFOOD,B,https://www.theskinfood.com/shop/page.html?id=34,1,Ready,
Glint,B,https://glintbeauty.co.kr/shopinfo/brand.html,1,Ready,
VDL,A,https://www.vdlcosmetics.com/story/about.jsp,1,Ready,
OHUI,A,https://ohui.com/pages/ohuistory/ohuibrand.html,1,Ready,
Centellian24+,B,https://centellian24.com/,1,Ready,
Abib,A,https://abib.com/shopinfo/brand2.html,1,Ready,
HERA,A,https://www.hera.com/story/brand-story.html,1,Ready,
UGLY LOVELY,A,https://www.lghnh.com/brand/detail.jsp?bid1=C111&gbn=1,1,Ready,
TIELA,A,https://tiela.co.kr/,1,Ready,공식 페이지 텍스트량이 짧을 가능성 있음. 실제 수집량으로 판단.
MISSHA,A,https://missha.com/kr/missha/brand,1,Ready,
VIOLET DREAM,B,https://www.violet-dream.com/,1,Identity_Verification_Required,현재 확인된 violet-dream.com의 브랜드 정체성이 로고 데이터셋의 대상 브랜드와 일치하는지 재확인 필요.
FATION,B,https://fation.co.kr/brand/brand.html,1,Ready,
MENOKIN,A,https://www.menokinbeauty.com/pages/about,1,Ready,
Anua,A,https://anua.kr/brandstory/index.html,1,Ready,
farmrx,A,https://www.lghnh.com/brand/detail.jsp?bid1=C114&gbn=1,1,Ready,
Dr.Jart+,A,https://www.drjart.co.kr/about,1,Ready,
LABO-H,A,https://www.laboh.co.kr/,1,Ready,브랜드 스토리 일부가 iframe/동적 로딩일 수 있어 requests 수집 실패 여부 확인.
ISA KNOX,A,https://www.lghnh.com/brand/detail.jsp?bid1=C054&gbn=1,1,Ready,
BEYOND,B,https://www.lghnh.com/brand/detail.jsp?bid1=H078&gbn=1,1,Ready,
UNOVE,B,https://unoveofficial.co.kr/,1,Ready,
LANEIGE,A,https://laneige.com/brand/open-to-wonder/index.html,1,Ready,
d'Alba,B,https://www.dalba.co.kr/main/index.php,1,Ready,
innisfree,A,https://www.innisfree.com/kr/ko/dp/about,1,Ready,
BIOHEAL BOH,B,https://corp.oliveyoung.com/ko/business/brand/boh,1,Ready,
AESTURA,A,https://int.aestura.com/pages/brand-story,1,Ready,
Dr.G,B,,1,Needs_URL_Verification,
beplain,A,https://www.beplain.co.kr/,1,Ready,
CLIO,A,https://www.clubclio.co.kr/,1,Brand_Page_Verification_Required,CLUBCLIO 멀티브랜드몰 루트. CLIO 단독 브랜드 소개 URL 확보 권장.
ma:nyo,A,https://www.manyo.co.kr/,1,Ready,
TPSY,A,,1,Needs_URL_Verification,
AGE20'S,A,https://age20s.com/ko/pages/about-us,1,Ready,
